<?xml version="1.0" encoding="UTF-8"?>
<project-private xmlns="http://www.netbeans.org/ns/project-private/1">
    <editor-bookmarks xmlns="http://www.netbeans.org/ns/editor-bookmarks/2" lastBookmarkId="0"/>
    <open-files xmlns="http://www.netbeans.org/ns/projectui-open-files/2">
        <group>
            <file>file:/C:/Users/chefl/OneDrive/Documentos/Version%20final%20proyecto%20progra%203/Proyecto2NIO_233047%20(1)/Proyecto2NIO_233047/src/Persistencia/PersistenciaEspecialidades2.java</file>
            <file>file:/C:/Users/chefl/OneDrive/Documentos/Version%20final%20proyecto%20progra%203/Proyecto2NIO_233047%20(1)/Proyecto2NIO_233047/src/Persistencia/PersistenciaInventarios.java</file>
            <file>file:/C:/Users/chefl/OneDrive/Documentos/Version%20final%20proyecto%20progra%203/Proyecto2NIO_233047%20(1)/Proyecto2NIO_233047/src/Menu/MenuPrincipal.java</file>
            <file>file:/C:/Users/chefl/OneDrive/Documentos/Version%20final%20proyecto%20progra%203/Proyecto2NIO_233047%20(1)/Proyecto2NIO_233047/src/Menu/FormConsultaPaciente.java</file>
            <file>file:/C:/Users/chefl/OneDrive/Documentos/Version%20final%20proyecto%20progra%203/Proyecto2NIO_233047%20(1)/Proyecto2NIO_233047/src/Persistencia/PersistenciaPacientes.java</file>
            <file>file:/C:/Users/chefl/OneDrive/Documentos/Version%20final%20proyecto%20progra%203/Proyecto2NIO_233047%20(1)/Proyecto2NIO_233047/src/Entidades/EquipoMedico.java</file>
            <file>file:/C:/Users/chefl/OneDrive/Documentos/Version%20final%20proyecto%20progra%203/Proyecto2NIO_233047%20(1)/Proyecto2NIO_233047/src/Menu/FormConsultaInventario.java</file>
            <file>file:/C:/Users/chefl/OneDrive/Documentos/Version%20final%20proyecto%20progra%203/Proyecto2NIO_233047%20(1)/Proyecto2NIO_233047/src/Entidades/Medico.java</file>
            <file>file:/C:/Users/chefl/OneDrive/Documentos/Version%20final%20proyecto%20progra%203/Proyecto2NIO_233047%20(1)/Proyecto2NIO_233047/src/Entidades/Especialidad.java</file>
            <file>file:/C:/Users/chefl/OneDrive/Documentos/Version%20final%20proyecto%20progra%203/Proyecto2NIO_233047%20(1)/Proyecto2NIO_233047/src/Menu/FormEliminarConsulta.java</file>
            <file>file:/C:/Users/chefl/OneDrive/Documentos/Version%20final%20proyecto%20progra%203/Proyecto2NIO_233047%20(1)/Proyecto2NIO_233047/src/Persistencia/PersistenciaFachada.java</file>
            <file>file:/C:/Users/chefl/OneDrive/Documentos/Version%20final%20proyecto%20progra%203/Proyecto2NIO_233047%20(1)/Proyecto2NIO_233047/src/Persistencia/PersistenciaConsultas.java</file>
            <file>file:/C:/Users/chefl/OneDrive/Documentos/Version%20final%20proyecto%20progra%203/Proyecto2NIO_233047%20(1)/Proyecto2NIO_233047/src/Menu/FormRegisgtroMedico.java</file>
            <file>file:/C:/Users/chefl/OneDrive/Documentos/Version%20final%20proyecto%20progra%203/Proyecto2NIO_233047%20(1)/Proyecto2NIO_233047/src/Menu/FormRegistroPaciente.java</file>
            <file>file:/C:/Users/chefl/OneDrive/Documentos/Version%20final%20proyecto%20progra%203/Proyecto2NIO_233047%20(1)/Proyecto2NIO_233047/src/Menu/FormGenerarConsulta.java</file>
            <file>file:/C:/Users/chefl/OneDrive/Documentos/Version%20final%20proyecto%20progra%203/Proyecto2NIO_233047%20(1)/Proyecto2NIO_233047/src/Menu/FromInventariar.java</file>
            <file>file:/C:/Users/chefl/OneDrive/Documentos/Version%20final%20proyecto%20progra%203/Proyecto2NIO_233047%20(1)/Proyecto2NIO_233047/src/Menu/FormConsultaMedico.java</file>
            <file>file:/C:/Users/chefl/OneDrive/Documentos/Version%20final%20proyecto%20progra%203/Proyecto2NIO_233047%20(1)/Proyecto2NIO_233047/src/Entidades/Paciente.java</file>
            <file>file:/C:/Users/chefl/OneDrive/Documentos/Version%20final%20proyecto%20progra%203/Proyecto2NIO_233047%20(1)/Proyecto2NIO_233047/src/Menu/FormEdicionPaciente.java</file>
            <file>file:/C:/Users/chefl/OneDrive/Documentos/Version%20final%20proyecto%20progra%203/Proyecto2NIO_233047%20(1)/Proyecto2NIO_233047/src/Persistencia/PersistenciaMedicos2.java</file>
        </group>
    </open-files>
</project-private>
